Mni,M,Rp,Esn,pcsm,mcsm,max_LC,skew,CV_LC,mad,
0.1,0.5,0.5,1e+50,-5.0,0.1,1.4423e+43,2.2749,1.3735,3.2975e+42
0.3,0.5,0.5,1e+50,-5.0,0.1,2.2046e+43,3.1466,1.4476,4.1941e+42
0.5,0.5,0.5,1e+50,-5.0,0.1,3.0258e+43,4.1509,1.5386,5.003e+42
0.8,0.5,0.5,1e+50,-5.0,0.1,4.2969e+43,5.5436,1.6623,6.0862e+42
0.1,1,1,1e+50,-5.0,0.1,7.3036e+42,2.5743,0.93016,9.2671e+41
0.3,1,1,1e+50,-5.0,0.1,1.2909e+43,3.5292,1.1461,1.7997e+42
0.5,1,1,1e+50,-5.0,0.1,1.9365e+43,4.205,1.3007,2.6877e+42
0.8,1,1,1e+50,-5.0,0.1,2.9704e+43,4.9088,1.4636,3.9862e+42
0.1,0.5,0.5,3e+50,-5.0,0.1,5.3183e+43,3.7325,1.6844,1.0095e+43
0.3,0.5,0.5,3e+50,-5.0,0.1,6.0376e+43,3.9149,1.7093,1.0996e+43
0.5,0.5,0.5,3e+50,-5.0,0.1,6.7981e+43,4.1183,1.7359,1.1805e+43
0.8,0.5,0.5,3e+50,-5.0,0.1,7.9843e+43,4.4717,1.7737,1.2888e+43
0.1,1,1,3e+50,-5.0,0.1,1.9543e+43,2.5011,0.90953,2.33e+42
0.3,1,1,3e+50,-5.0,0.1,2.3486e+43,2.8318,1.0016,3.2009e+42
0.5,1,1,3e+50,-5.0,0.1,2.9982e+43,3.3177,1.0928,4.0879e+42
0.8,1,1,3e+50,-5.0,0.1,4.0441e+43,4.0036,1.2133,5.3856e+42
0.1,1,0.5,1e+51,-5.0,0.1,1.2483e+44,4.9273,1.7833,1.8619e+43
0.3,1,0.5,1e+51,-5.0,0.1,1.305e+44,4.8943,1.7759,1.949e+43
0.5,1,0.5,1e+51,-5.0,0.1,1.3694e+44,4.9218,1.779,2.0377e+43
0.8,1,0.5,1e+51,-5.0,0.1,1.4692e+44,5.0169,1.7919,2.1675e+43
0.1,3,1,1e+51,-5.0,0.1,2.7006e+43,2.4747,0.77211,2.2962e+42
0.3,3,1,1e+51,-5.0,0.1,2.753e+43,2.1668,0.78623,2.7993e+42
0.5,3,1,1e+51,-5.0,0.1,2.8272e+43,2.0202,0.81268,3.4527e+42
0.8,3,1,1e+51,-5.0,0.1,3.116e+43,2.0142,0.86111,4.516e+42
0.1,1,0.5,2e+51,-5.0,0.1,3.0552e+44,6.2729,1.9441,3.9349e+43
0.3,1,0.5,2e+51,-5.0,0.1,3.1021e+44,6.1884,1.9327,4.022e+43
0.5,1,0.5,2e+51,-5.0,0.1,3.1615e+44,6.1386,1.9278,4.1107e+43
0.8,1,0.5,2e+51,-5.0,0.1,3.2628e+44,6.1144,1.9274,4.2404e+43
0.1,1,0.5,3e+51,-5.0,0.1,5.0268e+44,7.0175,2.0251,5.943e+43
0.3,1,0.5,3e+51,-5.0,0.1,5.0638e+44,6.9324,2.0145,6.0301e+43
0.5,1,0.5,3e+51,-5.0,0.1,5.1126e+44,6.8664,2.0084,6.1188e+43
0.8,1,0.5,3e+51,-5.0,0.1,5.1993e+44,6.8021,2.0045,6.2486e+43
0.1,1,0.5,1e+52,-5.0,0.1,2.098e+45,8.87,2.2123,1.999e+44
0.3,1,0.5,1e+52,-5.0,0.1,2.0997e+45,8.8244,2.2071,2.0077e+44
0.5,1,0.5,1e+52,-5.0,0.1,2.102e+45,8.7783,2.2031,2.0165e+44
0.8,1,0.5,1e+52,-5.0,0.1,2.1064e+45,8.7141,2.1987,2.0295e+44
0.1,3,0.5,3e+52,-5.0,0.1,2.7491e+45,9.1272,2.0184,2.4956e+44
0.3,3,0.5,3e+52,-5.0,0.1,2.7494e+45,9.1108,2.0143,2.5005e+44
0.5,3,0.5,3e+52,-5.0,0.1,2.7498e+45,9.0894,2.0102,2.5069e+44
0.8,3,0.5,3e+52,-5.0,0.1,2.7505e+45,9.0517,2.0041,2.5175e+44
0.1,1,3,1e+50,-6.0,0.1,7.8011e+42,2.6738,0.98171,1.0125e+42
0.3,1,3,1e+50,-6.0,0.1,1.3429e+43,3.5712,1.1838,1.8855e+42
0.5,1,3,1e+50,-6.0,0.1,1.9903e+43,4.2133,1.3295,2.7734e+42
0.8,1,3,1e+50,-6.0,0.1,3.0199e+43,4.8918,1.4845,4.0719e+42
0.1,3,6,1e+50,-6.0,0.1,1.4539e+42,1.594,0.44515,7.6678e+40
0.3,3,6,1e+50,-6.0,0.1,3.9147e+42,2.0782,0.79675,6.1841e+41
0.5,3,6,1e+50,-6.0,0.1,6.9328e+42,2.3742,0.97933,1.2607e+42
0.8,3,6,1e+50,-6.0,0.1,1.2082e+43,2.6681,1.134,2.3113e+42
0.1,0.5,1,3e+50,-6.0,0.1,3.6369e+43,1.87,1.2213,9.7399e+42
0.3,0.5,1,3e+50,-6.0,0.1,4.3721e+43,2.3273,1.262,1.0641e+43
0.5,0.5,1,3e+50,-6.0,0.1,5.2475e+43,2.9157,1.3087,1.145e+43
0.8,0.5,1,3e+50,-6.0,0.1,6.5908e+43,3.8594,1.3797,1.2533e+43
0.1,1,3,3e+50,-6.0,0.1,2.1087e+43,2.6505,0.97635,2.6514e+42
0.3,1,3,3e+50,-6.0,0.1,2.4979e+43,2.9437,1.0611,3.5223e+42
0.5,1,3,3e+50,-6.0,0.1,3.1335e+43,3.3977,1.1464,4.4093e+42
0.8,1,3,3e+50,-6.0,0.1,4.1837e+43,4.0518,1.2597,5.707e+42
0.1,0.5,1,1e+51,-6.0,0.1,1.7784e+44,3.268,1.7649,3.3506e+43
0.3,0.5,1,1e+51,-6.0,0.1,1.8388e+44,3.327,1.7689,3.4407e+43
0.5,0.5,1,1e+51,-6.0,0.1,1.9191e+44,3.4236,1.7759,3.5216e+43
0.8,0.5,1,1e+51,-6.0,0.1,2.052e+44,3.6009,1.7879,3.6299e+43
0.1,0.5,0.5,2e+51,-6.0,0.1,2.5762e+44,2.9122,0.92488,-1.4791e+43
0.3,0.5,0.5,2e+51,-6.0,0.1,2.5811e+44,2.8503,0.93035,-1.3889e+43
0.5,0.5,0.5,2e+51,-6.0,0.1,2.5881e+44,2.838,0.93748,-1.3081e+43
0.8,0.5,0.5,2e+51,-6.0,0.1,2.6013e+44,2.8848,0.94962,-1.1997e+43
0.1,0.5,1,2e+51,-6.0,0.1,4.5108e+44,4.7746,2.1002,6.674e+43
0.3,0.5,1,2e+51,-6.0,0.1,4.5696e+44,4.7846,2.0989,6.7641e+43
0.5,0.5,1,2e+51,-6.0,0.1,4.6436e+44,4.8136,2.1004,6.845e+43
0.8,0.5,1,2e+51,-6.0,0.1,4.7717e+44,4.8742,2.1044,6.9533e+43
0.1,3,3,2e+51,-6.0,0.1,6.0494e+43,2.7084,0.8746,5.2638e+42
0.3,3,3,2e+51,-6.0,0.1,6.0838e+43,2.5042,0.87589,5.7537e+42
0.5,3,3,2e+51,-6.0,0.1,6.1325e+43,2.3422,0.88357,6.4007e+42
0.8,3,3,2e+51,-6.0,0.1,6.2253e+43,2.1978,0.90168,7.4585e+42
0.1,0.5,0.5,3e+51,-6.0,0.1,4.454e+44,2.8686,1.1086,8.9351e+43
0.3,0.5,0.5,3e+51,-6.0,0.1,4.4589e+44,2.8325,1.111,9.0252e+43
0.5,0.5,0.5,3e+51,-6.0,0.1,4.4659e+44,2.8229,1.1144,9.1061e+43
0.8,0.5,0.5,3e+51,-6.0,0.1,4.4791e+44,2.842,1.1205,9.2144e+43
0.1,0.5,1,3e+51,-6.0,0.1,7.7886e+44,5.9089,2.2986,9.9986e+43
0.3,0.5,1,3e+51,-6.0,0.1,7.8474e+44,5.9079,2.2957,1.0089e+44
0.5,0.5,1,3e+51,-6.0,0.1,7.9214e+44,5.9202,2.2956,1.017e+44
0.8,0.5,1,3e+51,-6.0,0.1,8.0466e+44,5.9514,2.2972,1.0278e+44
0.1,1,1,3e+51,-6.0,0.1,3.7581e+44,4.4487,1.957,5.5249e+43
0.3,1,1,3e+51,-6.0,0.1,3.7831e+44,4.4224,1.9497,5.612e+43
0.5,1,1,3e+51,-6.0,0.1,3.8174e+44,4.4099,1.9461,5.7007e+43
0.8,1,1,3e+51,-6.0,0.1,3.883e+44,4.4114,1.9448,5.8305e+43
0.1,0.5,0.5,1e+52,-6.0,0.1,2.2645e+45,4.125,1.7142,3.1033e+44
0.3,0.5,0.5,1e+52,-6.0,0.1,2.265e+45,4.1084,1.7138,3.1123e+44
0.5,0.5,0.5,1e+52,-6.0,0.1,2.2657e+45,4.0983,1.7139,3.1204e+44
0.8,0.5,0.5,1e+52,-6.0,0.1,2.267e+45,4.0912,1.7144,3.1312e+44
0.1,1,1,1e+52,-6.0,0.1,1.9085e+45,8.2556,2.5323,1.9944e+44
0.3,1,1,1e+52,-6.0,0.1,1.911e+45,8.2397,2.525,2.0031e+44
0.5,1,1,1e+52,-6.0,0.1,1.9144e+45,8.2242,2.5193,2.012e+44
0.8,1,1,1e+52,-6.0,0.1,1.9207e+45,8.2039,2.5128,2.025e+44
0.1,0.5,0.5,3e+52,-6.0,0.1,9.9888e+45,6.7716,2.3583,9.8598e+44
0.3,0.5,0.5,3e+52,-6.0,0.1,9.9893e+45,6.7635,2.3576,9.8688e+44
0.5,0.5,0.5,3e+52,-6.0,0.1,9.99e+45,6.7568,2.3572,9.8769e+44
0.8,0.5,0.5,3e+52,-6.0,0.1,9.9914e+45,6.7493,2.3569,9.8877e+44
0.1,1,1,3e+52,-6.0,0.1,8.4168e+45,13.171,3.0071,5.9945e+44
0.3,1,1,3e+52,-6.0,0.1,8.4194e+45,13.162,3.0033,6.0032e+44
0.5,1,1,3e+52,-6.0,0.1,8.4228e+45,13.152,3.0,6.0121e+44
0.8,1,1,3e+52,-6.0,0.1,8.4291e+45,13.137,2.9956,6.025e+44
0.1,0.5,6,1e+50,-7.0,0.1,1.5769e+43,2.9457,1.417,3.1955e+42
0.3,0.5,6,1e+50,-7.0,0.1,2.2878e+43,3.5288,1.506,4.0967e+42
0.5,0.5,6,1e+50,-7.0,0.1,3.0859e+43,4.292,1.59,4.9056e+42
0.8,0.5,6,1e+50,-7.0,0.1,4.3336e+43,5.4831,1.7033,5.9888e+42
0.1,1,10,1e+50,-7.0,0.1,7.2679e+42,2.5881,0.93495,9.2621e+41
0.3,1,10,1e+50,-7.0,0.1,1.2872e+43,3.541,1.1515,1.7992e+42
0.5,1,10,1e+50,-7.0,0.1,1.9329e+43,4.2144,1.3059,2.6872e+42
0.8,1,10,1e+50,-7.0,0.1,2.9668e+43,4.9158,1.4684,3.9857e+42
0.1,0.5,3,3e+50,-7.0,0.1,3.4652e+43,1.8146,1.1401,9.3583e+42
0.3,0.5,3,3e+50,-7.0,0.1,4.166e+43,2.3005,1.185,1.026e+43
0.5,0.5,3,3e+50,-7.0,0.1,5.0369e+43,2.9368,1.2366,1.1068e+43
0.8,0.5,3,3e+50,-7.0,0.1,6.3885e+43,3.9537,1.3144,1.2152e+43
0.1,0.5,6,3e+50,-7.0,0.1,5.8759e+43,4.3059,1.6158,9.3482e+42
0.3,0.5,6,3e+50,-7.0,0.1,6.5294e+43,4.5647,1.6519,1.0249e+43
0.5,0.5,6,3e+50,-7.0,0.1,7.1572e+43,4.8281,1.6885,1.1058e+43
0.8,0.5,6,3e+50,-7.0,0.1,8.2246e+43,5.2096,1.7378,1.2141e+43
0.1,1,6,3e+50,-7.0,0.1,2.9731e+43,3.503,1.4426,5.0897e+42
0.3,1,6,3e+50,-7.0,0.1,3.5076e+43,3.6976,1.4791,5.9607e+42
0.5,1,6,3e+50,-7.0,0.1,4.1011e+43,3.9322,1.5225,6.8477e+42
0.8,1,6,3e+50,-7.0,0.1,5.0694e+43,4.2684,1.584,8.1454e+42
0.1,1,10,3e+50,-7.0,0.1,1.9423e+43,2.5241,0.91388,2.3179e+42
0.3,1,10,3e+50,-7.0,0.1,2.3341e+43,2.8515,1.0067,3.1888e+42
0.5,1,10,3e+50,-7.0,0.1,2.9835e+43,3.3376,1.0985,4.0758e+42
0.8,1,10,3e+50,-7.0,0.1,4.0297e+43,4.0231,1.2195,5.3735e+42
0.1,0.5,3,1e+51,-7.0,0.1,1.7006e+44,2.9978,1.6852,3.3155e+43
0.3,0.5,3,1e+51,-7.0,0.1,1.7546e+44,3.0599,1.69,3.4056e+43
0.5,0.5,3,1e+51,-7.0,0.1,1.8286e+44,3.165,1.6977,3.4865e+43
0.8,0.5,3,1e+51,-7.0,0.1,1.9606e+44,3.3607,1.7108,3.5949e+43
0.1,1,6,1e+51,-7.0,0.1,1.2708e+44,4.9832,1.6482,1.811e+43
0.3,1,6,1e+51,-7.0,0.1,1.3177e+44,4.8844,1.6452,1.8981e+43
0.5,1,6,1e+51,-7.0,0.1,1.3771e+44,4.8792,1.6522,1.9868e+43
0.8,1,6,1e+51,-7.0,0.1,1.4784e+44,4.9684,1.6708,2.1165e+43
0.1,3,10,1e+51,-7.0,0.1,2.6818e+43,2.5125,0.78203,2.3307e+42
0.3,3,10,1e+51,-7.0,0.1,2.7342e+43,2.192,0.79553,2.8337e+42
0.5,3,10,1e+51,-7.0,0.1,2.8084e+43,2.0371,0.82174,3.4872e+42
0.8,3,10,1e+51,-7.0,0.1,3.0908e+43,2.0253,0.87007,4.5504e+42
0.1,0.5,3,2e+51,-7.0,0.1,4.316e+44,4.3615,2.0256,6.6698e+43
0.3,0.5,3,2e+51,-7.0,0.1,4.3671e+44,4.3712,2.0249,6.7599e+43
0.5,0.5,3,2e+51,-7.0,0.1,4.4331e+44,4.402,2.0267,6.8408e+43
0.8,0.5,3,2e+51,-7.0,0.1,4.5577e+44,4.468,2.0309,6.9491e+43
0.1,1,6,2e+51,-7.0,0.1,2.8198e+44,5.7295,1.741,3.6738e+43
0.3,1,6,2e+51,-7.0,0.1,2.853e+44,5.6077,1.7343,3.7609e+43
0.5,1,6,2e+51,-7.0,0.1,2.8973e+44,5.5305,1.7333,3.8496e+43
0.8,1,6,2e+51,-7.0,0.1,2.9769e+44,5.4814,1.7377,3.9794e+43
0.1,0.5,3,3e+51,-7.0,0.1,7.4533e+44,5.4193,2.2318,9.9796e+43
0.3,0.5,3,3e+51,-7.0,0.1,7.5044e+44,5.418,2.2294,1.007e+44
0.5,0.5,3,3e+51,-7.0,0.1,7.5704e+44,5.4306,2.2296,1.0151e+44
0.8,0.5,3,3e+51,-7.0,0.1,7.6847e+44,5.4637,2.2314,1.0259e+44
0.1,1,3,3e+51,-7.0,0.1,3.5966e+44,4.066,1.883,5.5559e+43
0.3,1,3,3e+51,-7.0,0.1,3.6176e+44,4.0367,1.877,5.643e+43
0.5,1,3,3e+51,-7.0,0.1,3.6465e+44,4.0225,1.8744,5.7317e+43
0.8,1,3,3e+51,-7.0,0.1,3.7041e+44,4.023,1.8741,5.8615e+43
0.1,1,6,3e+51,-7.0,0.1,4.4628e+44,6.1148,1.7866,5.5315e+43
0.3,1,6,3e+51,-7.0,0.1,4.4879e+44,6.0081,1.7803,5.6186e+43
0.5,1,6,3e+51,-7.0,0.1,4.5221e+44,5.9258,1.7778,5.7073e+43
0.8,1,6,3e+51,-7.0,0.1,4.5848e+44,5.8453,1.7783,5.8371e+43
0.1,1,3,1e+52,-7.0,0.1,1.8266e+45,7.6337,2.4851,1.9872e+44
0.3,1,3,1e+52,-7.0,0.1,1.8287e+45,7.619,2.4783,1.9959e+44
0.5,1,3,1e+52,-7.0,0.1,1.8316e+45,7.6048,2.473,2.0048e+44
0.8,1,3,1e+52,-7.0,0.1,1.8369e+45,7.5866,2.467,2.0178e+44
0.1,3,6,1e+52,-7.0,0.1,6.4725e+44,6.4152,1.6288,6.685e+43
0.3,3,6,1e+52,-7.0,0.1,6.476e+44,6.36,1.6206,6.734e+43
0.5,3,6,1e+52,-7.0,0.1,6.4808e+44,6.2922,1.6131,6.7987e+43
0.8,3,6,1e+52,-7.0,0.1,6.4901e+44,6.1801,1.6032,6.9044e+43
0.1,0.5,1,3e+52,-7.0,0.1,6.8859e+45,4.6471,1.3811,9.3044e+44
0.3,0.5,1,3e+52,-7.0,0.1,6.886e+45,4.6356,1.3811,9.3134e+44
0.5,0.5,1,3e+52,-7.0,0.1,6.8862e+45,4.6263,1.3812,9.3215e+44
0.8,0.5,1,3e+52,-7.0,0.1,6.8866e+45,4.6152,1.3814,9.3324e+44
0.1,1,3,3e+52,-7.0,0.1,8.0538e+45,12.581,3.0093,5.9743e+44
0.3,1,3,3e+52,-7.0,0.1,8.0559e+45,12.574,3.0055,5.983e+44
0.5,1,3,3e+52,-7.0,0.1,8.0588e+45,12.565,3.0021,5.9918e+44
0.8,1,3,3e+52,-7.0,0.1,8.0641e+45,12.552,2.9978,6.0048e+44
0.1,0.5,10,3e+50,-8.0,0.1,3.6252e+43,1.8645,1.2209,9.7246e+42
0.3,0.5,10,3e+50,-8.0,0.1,4.3641e+43,2.3237,1.2617,1.0626e+43
0.5,0.5,10,3e+50,-8.0,0.1,5.2395e+43,2.9128,1.3084,1.1435e+43
0.8,0.5,10,3e+50,-8.0,0.1,6.5817e+43,3.8573,1.3793,1.2518e+43
0.1,0.5,6,1e+51,-8.0,0.1,1.1677e+44,2.4106,0.92146,-7.8062e+42
0.3,0.5,6,1e+51,-8.0,0.1,1.1782e+44,2.4124,0.93472,-6.9051e+42
0.5,0.5,6,1e+51,-8.0,0.1,1.1968e+44,2.5189,0.95154,-6.0962e+42
0.8,0.5,6,1e+51,-8.0,0.1,1.242e+44,2.8035,0.97958,-5.013e+42
0.1,0.5,10,1e+51,-8.0,0.1,1.7725e+44,3.2637,1.7646,3.3442e+43
0.3,0.5,10,1e+51,-8.0,0.1,1.8335e+44,3.3232,1.7686,3.4344e+43
0.5,0.5,10,1e+51,-8.0,0.1,1.9138e+44,3.4201,1.7757,3.5152e+43
0.8,0.5,10,1e+51,-8.0,0.1,2.0473e+44,3.5974,1.7876,3.6236e+43
0.1,0.5,6,2e+51,-8.0,0.1,2.9753e+44,2.5473,1.2396,6.3572e+43
0.3,0.5,6,2e+51,-8.0,0.1,2.9857e+44,2.5369,1.2429,6.4473e+43
0.5,0.5,6,2e+51,-8.0,0.1,3.0004e+44,2.5639,1.2479,6.5282e+43
0.8,0.5,6,2e+51,-8.0,0.1,3.0281e+44,2.6475,1.2568,6.6365e+43
0.1,0.5,10,2e+51,-8.0,0.1,4.4961e+44,4.7719,2.0999,6.659e+43
0.3,0.5,10,2e+51,-8.0,0.1,4.5549e+44,4.7823,2.0986,6.7491e+43
0.5,0.5,10,2e+51,-8.0,0.1,4.6289e+44,4.8115,2.1002,6.83e+43
0.8,0.5,10,2e+51,-8.0,0.1,4.7585e+44,4.8722,2.1041,6.9383e+43
0.1,0.5,6,3e+51,-8.0,0.1,5.1438e+44,2.9143,1.4365,9.456e+43
0.3,0.5,6,3e+51,-8.0,0.1,5.1543e+44,2.8991,1.4377,9.5461e+43
0.5,0.5,6,3e+51,-8.0,0.1,5.169e+44,2.9068,1.4399,9.627e+43
0.8,0.5,6,3e+51,-8.0,0.1,5.1966e+44,2.9447,1.4443,9.7353e+43
0.1,0.5,10,3e+51,-8.0,0.1,7.7632e+44,5.9077,2.2984,9.9732e+43
0.3,0.5,10,3e+51,-8.0,0.1,7.822e+44,5.9069,2.2955,1.0063e+44
0.5,0.5,10,3e+51,-8.0,0.1,7.896e+44,5.9194,2.2954,1.0144e+44
0.8,0.5,10,3e+51,-8.0,0.1,8.0213e+44,5.9507,2.297,1.0253e+44
0.1,1,10,3e+51,-8.0,0.1,3.7457e+44,4.4457,1.9566,5.5121e+43
0.3,1,10,3e+51,-8.0,0.1,3.7708e+44,4.4198,1.9492,5.5992e+43
0.5,1,10,3e+51,-8.0,0.1,3.8051e+44,4.4078,1.9457,5.6879e+43
0.8,1,10,3e+51,-8.0,0.1,3.8719e+44,4.4099,1.9444,5.8176e+43
0.1,0.5,6,1e+52,-8.0,0.1,2.615e+45,5.0419,2.0807,3.3011e+44
0.3,0.5,6,1e+52,-8.0,0.1,2.6161e+45,5.0281,2.0798,3.3101e+44
0.5,0.5,6,1e+52,-8.0,0.1,2.6175e+45,5.0202,2.0795,3.3182e+44
0.8,0.5,6,1e+52,-8.0,0.1,2.6203e+45,5.016,2.0796,3.329e+44
0.1,1,10,1e+52,-8.0,0.1,1.9022e+45,8.2577,2.5319,1.9883e+44
0.3,1,10,1e+52,-8.0,0.1,1.9047e+45,8.2418,2.5247,1.997e+44
0.5,1,10,1e+52,-8.0,0.1,1.9081e+45,8.2263,2.519,2.0058e+44
0.8,1,10,1e+52,-8.0,0.1,1.9144e+45,8.2061,2.5124,2.0188e+44
0.1,0.5,3,3e+52,-8.0,0.1,6.53e+45,4.6192,1.2773,9.3088e+44
0.3,0.5,3,3e+52,-8.0,0.1,6.5301e+45,4.6069,1.2774,9.3178e+44
0.5,0.5,3,3e+52,-8.0,0.1,6.5303e+45,4.5968,1.2775,9.3259e+44
0.8,0.5,3,3e+52,-8.0,0.1,6.5307e+45,4.5847,1.2778,9.3367e+44
0.1,0.5,6,3e+52,-8.0,0.1,1.1533e+46,8.5541,2.7727,9.8745e+44
0.3,0.5,6,3e+52,-8.0,0.1,1.1534e+46,8.5481,2.7715,9.8835e+44
0.5,0.5,6,3e+52,-8.0,0.1,1.1535e+46,8.5428,2.7708,9.8916e+44
0.8,0.5,6,3e+52,-8.0,0.1,1.1538e+46,8.5367,2.7702,9.9024e+44
0.1,1,6,3e+52,-8.0,0.1,5.5669e+45,6.6298,2.3358,5.4147e+44
0.3,1,6,3e+52,-8.0,0.1,5.5673e+45,6.6202,2.3338,5.4234e+44
0.5,1,6,3e+52,-8.0,0.1,5.5678e+45,6.6097,2.3322,5.4323e+44
0.8,1,6,3e+52,-8.0,0.1,5.5688e+45,6.5942,2.3304,5.4453e+44
0.1,1,10,3e+52,-8.0,0.1,8.3866e+45,13.184,3.0079,5.9665e+44
0.3,1,10,3e+52,-8.0,0.1,8.3891e+45,13.175,3.0041,5.9752e+44
0.5,1,10,3e+52,-8.0,0.1,8.3925e+45,13.165,3.0007,5.9841e+44
0.8,1,10,3e+52,-8.0,0.1,8.3988e+45,13.149,2.9963,5.9971e+44
0.1,0.5,10,3e+52,-9.0,0.1,6.8622e+45,4.6218,1.3806,9.3027e+44
0.3,0.5,10,3e+52,-9.0,0.1,6.8623e+45,4.6104,1.3806,9.3117e+44
0.5,0.5,10,3e+52,-9.0,0.1,6.8625e+45,4.6012,1.3807,9.3198e+44
0.8,0.5,10,3e+52,-9.0,0.1,6.8628e+45,4.5903,1.381,9.3306e+44
0.1,1,1,1e+50,-5.0,0.25,9.9734e+42,1.886,0.75346,1.0146e+42
0.3,1,1,1e+50,-5.0,0.25,1.4485e+43,2.2897,0.87197,1.8336e+42
0.5,1,1,1e+50,-5.0,0.25,2.0426e+43,2.9362,0.98728,2.6609e+42
0.8,1,1,1e+50,-5.0,0.25,3.0283e+43,3.857,1.1386,3.8956e+42
0.1,3,3,1e+50,-5.0,0.25,1.3952e+42,1.7533,0.38403,8.8042e+40
0.3,3,3,1e+50,-5.0,0.25,3.8479e+42,2.14,0.76443,6.3479e+41
0.5,3,3,1e+50,-5.0,0.25,6.8602e+42,2.4147,0.95781,1.2909e+42
0.8,3,3,1e+50,-5.0,0.25,1.2005e+43,2.6946,1.1198,2.3444e+42
0.1,5,3,1e+50,-5.0,0.25,8.5872e+41,1.9735,0.29938,3.4081e+39
0.3,5,3,1e+50,-5.0,0.25,2.3484e+42,1.644,0.61644,2.1098e+41
0.5,5,3,1e+50,-5.0,0.25,4.2429e+42,1.78,0.78411,5.4532e+41
0.8,5,3,1e+50,-5.0,0.25,7.5557e+42,1.9509,0.92753,1.2737e+42
0.1,1,0.5,3e+50,-5.0,0.25,2.6052e+43,1.389,0.78022,-3.6419e+42
0.3,1,0.5,3e+50,-5.0,0.25,3.1729e+43,1.6196,0.81689,-2.7635e+42
0.5,1,0.5,3e+50,-5.0,0.25,3.8068e+43,1.9497,0.85937,-1.873e+42
0.8,1,0.5,3e+50,-5.0,0.25,4.8184e+43,2.5375,0.92709,-6.3212e+41
0.1,1,0.5,1e+51,-5.0,0.25,1.2491e+44,1.7225,1.2405,3.3184e+43
0.3,1,0.5,1e+51,-5.0,0.25,1.306e+44,1.766,1.2464,3.4055e+43
0.5,1,0.5,1e+51,-5.0,0.25,1.3693e+44,1.8187,1.2531,3.4942e+43
0.8,1,0.5,1e+51,-5.0,0.25,1.4692e+44,1.91,1.2638,3.624e+43
0.1,3,1,1e+51,-5.0,0.25,4.7897e+43,2.2821,0.77297,4.256e+42
0.3,3,1,1e+51,-5.0,0.25,4.9783e+43,2.2362,0.78714,4.7714e+42
0.5,3,1,1e+51,-5.0,0.25,5.2327e+43,2.2428,0.80737,5.4307e+42
0.8,3,1,1e+51,-5.0,0.25,5.6939e+43,2.3103,0.84167,6.4988e+42
0.1,1,0.5,2e+51,-5.0,0.25,3.1582e+44,2.5568,1.4819,7.4502e+43
0.3,1,0.5,2e+51,-5.0,0.25,3.2151e+44,2.574,1.4839,7.5373e+43
0.5,1,0.5,2e+51,-5.0,0.25,3.2784e+44,2.5949,1.4867,7.626e+43
0.8,1,0.5,2e+51,-5.0,0.25,3.3774e+44,2.6285,1.4914,7.7558e+43
0.1,3,1,2e+51,-5.0,0.25,1.015e+44,2.4065,0.81658,9.4254e+42
0.3,3,1,2e+51,-5.0,0.25,1.0284e+44,2.3516,0.8214,9.9285e+42
0.5,3,1,2e+51,-5.0,0.25,1.047e+44,2.3197,0.82966,1.0582e+43
0.8,3,1,2e+51,-5.0,0.25,1.0816e+44,2.3087,0.84525,1.1645e+43
0.1,3,1,3e+51,-5.0,0.25,1.5686e+44,2.4623,0.83861,1.5781e+43
0.3,3,1,3e+51,-5.0,0.25,1.579e+44,2.4147,0.84103,1.6284e+43
0.5,3,1,3e+51,-5.0,0.25,1.5934e+44,2.379,0.84574,1.6937e+43
0.8,3,1,3e+51,-5.0,0.25,1.6206e+44,2.3484,0.85512,1.8e+43
0.1,3,1,1e+52,-5.0,0.25,5.5574e+44,2.6169,0.88885,6.0148e+43
0.3,3,1,1e+52,-5.0,0.25,5.5617e+44,2.5961,0.88901,6.0638e+43
0.5,3,1,1e+52,-5.0,0.25,5.5678e+44,2.5759,0.88983,6.1285e+43
0.8,3,1,1e+52,-5.0,0.25,5.5794e+44,2.549,0.89177,6.2343e+43
0.1,5,1,1e+52,-5.0,0.25,3.7029e+44,2.5188,0.82381,3.4585e+43
0.3,5,1,1e+52,-5.0,0.25,3.7053e+44,2.4963,0.82293,3.4642e+43
0.5,5,1,1e+52,-5.0,0.25,3.7088e+44,2.4703,0.82278,3.4909e+43
0.8,5,1,1e+52,-5.0,0.25,3.7155e+44,2.4303,0.82339,3.554e+43
0.1,3,0.5,3e+52,-5.0,0.25,3.7753e+45,5.985,1.8884,4.9038e+44
0.3,3,0.5,3e+52,-5.0,0.25,3.7766e+45,5.9802,1.8867,4.9087e+44
0.5,3,0.5,3e+52,-5.0,0.25,3.7785e+45,5.9743,1.885,4.9151e+44
0.8,3,0.5,3e+52,-5.0,0.25,3.782e+45,5.9646,1.8827,4.9257e+44
0.1,1,3,1e+50,-6.0,0.25,9.8487e+42,1.7673,0.77484,1.0611e+42
0.3,1,3,1e+50,-6.0,0.25,1.4489e+43,2.1508,0.8832,1.874e+42
0.5,1,3,1e+50,-6.0,0.25,2.0449e+43,2.8216,0.99313,2.695e+42
0.8,1,3,1e+50,-6.0,0.25,3.0324e+43,3.7812,1.1405,3.9231e+42
0.1,3,6,1e+50,-6.0,0.25,2.1773e+42,1.6939,0.39143,1.1949e+41
0.3,3,6,1e+50,-6.0,0.25,4.6476e+42,2.0396,0.67002,6.5377e+41
0.5,3,6,1e+50,-6.0,0.25,7.6761e+42,2.3476,0.85163,1.2918e+42
0.8,3,6,1e+50,-6.0,0.25,1.2833e+43,2.6549,1.0231,2.3234e+42
0.1,3,10,1e+50,-6.0,0.25,1.3292e+42,1.7549,0.39563,9.4258e+40
0.3,3,10,1e+50,-6.0,0.25,3.7835e+42,2.1504,0.78444,6.3556e+41
0.5,3,10,1e+50,-6.0,0.25,6.7969e+42,2.4219,0.97572,1.269e+42
0.8,3,10,1e+50,-6.0,0.25,1.1941e+43,2.6994,1.1341,2.3333e+42
0.1,5,10,1e+50,-6.0,0.25,8.192e+41,1.9119,0.30768,7.4123e+39
0.3,5,10,1e+50,-6.0,0.25,2.3072e+42,1.6473,0.63132,2.1306e+41
0.5,5,10,1e+50,-6.0,0.25,4.2012e+42,1.7833,0.7973,5.5037e+41
0.8,5,10,1e+50,-6.0,0.25,7.5155e+42,1.9532,0.9379,1.2524e+42
0.1,3,6,3e+50,-6.0,0.25,5.1581e+42,1.6487,0.31349,1.5352e+41
0.3,3,6,3e+50,-6.0,0.25,7.5991e+42,1.7652,0.45356,7.1061e+41
0.5,3,6,3e+50,-6.0,0.25,1.0641e+43,2.0652,0.58434,1.3516e+42
0.8,3,6,3e+50,-6.0,0.25,1.582e+43,2.4237,0.74348,2.4318e+42
0.1,5,6,3e+50,-6.0,0.25,3.356e+42,1.9906,0.26767,-6.0402e+39
0.3,5,6,3e+50,-6.0,0.25,4.7763e+42,1.5866,0.38778,1.8204e+41
0.5,5,6,3e+50,-6.0,0.25,6.6892e+42,1.6482,0.50571,5.7453e+41
0.8,5,6,3e+50,-6.0,0.25,1.0024e+43,1.8247,0.64917,1.3111e+42
0.1,1,1,1e+51,-6.0,0.25,8.5698e+43,2.385,0.60145,-1.8679e+42
0.3,1,1,1e+51,-6.0,0.25,8.8361e+43,2.3665,0.61577,-9.9488e+41
0.5,1,1,1e+51,-6.0,0.25,9.2592e+43,2.4087,0.63332,-1.0691e+41
0.8,1,1,1e+51,-6.0,0.25,1.0167e+44,2.5611,0.66259,1.1916e+42
0.1,3,3,1e+51,-6.0,0.25,5.0416e+43,2.3419,0.82525,5.1024e+42
0.3,3,3,1e+51,-6.0,0.25,5.2515e+43,2.3044,0.83783,5.6177e+42
0.5,3,3,1e+51,-6.0,0.25,5.53e+43,2.3146,0.85652,6.277e+42
0.8,3,3,1e+51,-6.0,0.25,6.0273e+43,2.3812,0.88855,7.3452e+42
0.1,3,6,1e+51,-6.0,0.25,1.6431e+43,1.6752,0.28899,4.0734e+41
0.3,3,6,1e+51,-6.0,0.25,1.8387e+43,1.6172,0.33505,9.3423e+41
0.5,3,6,1e+51,-6.0,0.25,2.1404e+43,1.7461,0.389,1.5989e+42
0.8,3,6,1e+51,-6.0,0.25,2.6629e+43,2.0261,0.47169,2.6714e+42
0.1,5,6,1e+51,-6.0,0.25,1.0997e+43,1.7167,0.26137,2.8167e+40
0.3,5,6,1e+51,-6.0,0.25,1.1825e+43,1.5333,0.29989,1.9687e+41
0.5,5,6,1e+51,-6.0,0.25,1.3682e+43,1.5075,0.34892,5.3218e+41
0.8,5,6,1e+51,-6.0,0.25,1.7034e+43,1.6064,0.42601,1.2465e+42
0.1,1,1,2e+51,-6.0,0.25,2.1759e+44,1.5985,0.92069,-2.6299e+43
0.3,1,1,2e+51,-6.0,0.25,2.201e+44,1.6172,0.92463,-2.5426e+43
0.5,1,1,2e+51,-6.0,0.25,2.2362e+44,1.6532,0.92976,-2.4538e+43
0.8,1,1,2e+51,-6.0,0.25,2.3077e+44,1.7284,0.93861,-2.324e+43
0.1,3,3,2e+51,-6.0,0.25,1.0839e+44,2.5291,0.87742,1.0783e+43
0.3,3,3,2e+51,-6.0,0.25,1.0984e+44,2.4771,0.88112,1.1286e+43
0.5,3,3,2e+51,-6.0,0.25,1.1183e+44,2.4464,0.88832,1.1939e+43
0.8,3,3,2e+51,-6.0,0.25,1.1551e+44,2.4349,0.90244,1.3003e+43
0.1,1,1,3e+51,-6.0,0.25,3.758e+44,1.6385,1.1025,9.677e+43
0.3,1,1,3e+51,-6.0,0.25,3.7831e+44,1.6485,1.1043,9.7641e+43
0.5,1,1,3e+51,-6.0,0.25,3.8174e+44,1.6688,1.1068,9.8528e+43
0.8,1,1,3e+51,-6.0,0.25,3.8829e+44,1.7113,1.1113,9.9825e+43
0.1,3,3,3e+51,-6.0,0.25,1.694e+44,2.613,0.90382,1.8216e+43
0.3,3,3,3e+51,-6.0,0.25,1.7054e+44,2.5661,0.90535,1.8719e+43
0.5,3,3,3e+51,-6.0,0.25,1.7212e+44,2.5301,0.90921,1.9372e+43
0.8,3,3,3e+51,-6.0,0.25,1.7509e+44,2.4979,0.9174,2.0436e+43
0.1,1,1,1e+52,-6.0,0.25,1.9085e+45,2.8146,1.6529,3.9207e+44
0.3,1,1,1e+52,-6.0,0.25,1.911e+45,2.8132,1.6527,3.9294e+44
0.5,1,1,1e+52,-6.0,0.25,1.9144e+45,2.8143,1.6527,3.9383e+44
0.8,1,1,1e+52,-6.0,0.25,1.9207e+45,2.819,1.6531,3.9513e+44
0.1,3,3,1e+52,-6.0,0.25,6.0291e+44,2.8191,0.96392,6.9818e+43
0.3,3,3,1e+52,-6.0,0.25,6.0334e+44,2.7976,0.96372,7.0308e+43
0.5,3,3,1e+52,-6.0,0.25,6.0395e+44,2.7761,0.96418,7.0955e+43
0.8,3,3,1e+52,-6.0,0.25,6.0511e+44,2.7469,0.96558,7.2013e+43
0.1,5,3,1e+52,-6.0,0.25,4.014e+44,2.7471,0.89334,3.7732e+43
0.3,5,3,1e+52,-6.0,0.25,4.0169e+44,2.7243,0.89203,3.7771e+43
0.5,5,3,1e+52,-6.0,0.25,4.0211e+44,2.6975,0.89142,3.8019e+43
0.8,5,3,1e+52,-6.0,0.25,4.029e+44,2.6558,0.89135,3.8626e+43
0.1,1,0.5,3e+52,-6.0,0.25,4.8211e+45,2.8915,0.99114,-3.4152e+44
0.3,1,0.5,3e+52,-6.0,0.25,4.8213e+45,2.8855,0.99118,-3.4065e+44
0.5,1,0.5,3e+52,-6.0,0.25,4.8215e+45,2.8802,0.99129,-3.3976e+44
0.8,1,0.5,3e+52,-6.0,0.25,4.822e+45,2.8733,0.99154,-3.3846e+44
0.1,1,6,1e+50,-7.0,0.25,8.2849e+42,1.8313,0.5907,-4.269e+41
0.3,1,6,1e+50,-7.0,0.25,1.3754e+43,2.5647,0.73414,4.1663e+41
0.5,1,6,1e+50,-7.0,0.25,1.9983e+43,3.4275,0.87681,1.2868e+42
0.8,1,6,1e+50,-7.0,0.25,3.0056e+43,4.3918,1.057,2.5652e+42
0.1,1,10,1e+50,-7.0,0.25,9.9335e+42,1.8895,0.75489,1.0121e+42
0.3,1,10,1e+50,-7.0,0.25,1.4443e+43,2.294,0.87376,1.8314e+42
0.5,1,10,1e+50,-7.0,0.25,2.0384e+43,2.9416,0.98935,2.659e+42
0.8,1,10,1e+50,-7.0,0.25,3.0242e+43,3.8627,1.1409,3.8941e+42
0.1,1,6,3e+50,-7.0,0.25,2.9857e+43,1.3532,0.97011,5.151e+42
0.3,1,6,3e+50,-7.0,0.25,3.5073e+43,1.493,0.99473,6.0241e+42
0.5,1,6,3e+50,-7.0,0.25,4.1008e+43,1.7058,1.0231,6.912e+42
0.8,1,6,3e+50,-7.0,0.25,5.0691e+43,2.1288,1.0701,8.2105e+42
0.1,1,6,1e+51,-7.0,0.25,1.4388e+44,2.4064,1.3245,3.208e+43
0.3,1,6,1e+51,-7.0,0.25,1.4868e+44,2.4402,1.3312,3.2951e+43
0.5,1,6,1e+51,-7.0,0.25,1.5373e+44,2.4732,1.3385,3.3838e+43
0.8,1,6,1e+51,-7.0,0.25,1.6183e+44,2.5235,1.3495,3.5136e+43
0.1,3,10,1e+51,-7.0,0.25,4.7639e+43,2.2945,0.77779,4.2864e+42
0.3,3,10,1e+51,-7.0,0.25,4.9525e+43,2.2471,0.79191,4.8017e+42
0.5,3,10,1e+51,-7.0,0.25,5.2069e+43,2.2526,0.81218,5.4611e+42
0.8,3,10,1e+51,-7.0,0.25,5.6681e+43,2.3193,0.84659,6.5292e+42
0.1,1,3,2e+51,-7.0,0.25,2.0821e+44,1.7397,0.83421,-1.9005e+43
0.3,1,3,2e+51,-7.0,0.25,2.1031e+44,1.7518,0.83863,-1.8134e+43
0.5,1,3,2e+51,-7.0,0.25,2.1335e+44,1.7831,0.84434,-1.7247e+43
0.8,1,3,2e+51,-7.0,0.25,2.1962e+44,1.8546,0.8542,-1.5949e+43
0.1,3,10,2e+51,-7.0,0.25,1.0091e+44,2.4309,0.82234,9.4886e+42
0.3,3,10,2e+51,-7.0,0.25,1.0225e+44,2.374,0.82708,9.9917e+42
0.5,3,10,2e+51,-7.0,0.25,1.0411e+44,2.3404,0.83531,1.0645e+43
0.8,3,10,2e+51,-7.0,0.25,1.0757e+44,2.3273,0.85094,1.1708e+43
0.1,1,3,3e+51,-7.0,0.25,3.5966e+44,1.6479,1.019,3.4707e+43
0.3,1,3,3e+51,-7.0,0.25,3.6176e+44,1.6559,1.0211,3.5578e+43
0.5,1,3,3e+51,-7.0,0.25,3.6465e+44,1.6751,1.0238,3.6465e+43
0.8,1,3,3e+51,-7.0,0.25,3.7041e+44,1.7173,1.0288,3.7763e+43
0.1,3,10,3e+51,-7.0,0.25,1.5593e+44,2.4954,0.84464,1.5802e+43
0.3,3,10,3e+51,-7.0,0.25,1.5696e+44,2.4459,0.84697,1.6305e+43
0.5,3,10,3e+51,-7.0,0.25,1.5841e+44,2.4082,0.85164,1.6959e+43
0.8,3,10,3e+51,-7.0,0.25,1.6112e+44,2.3752,0.86102,1.8022e+43
0.1,1,3,1e+52,-7.0,0.25,1.8265e+45,2.592,1.5711,3.9128e+44
0.3,1,3,1e+52,-7.0,0.25,1.8286e+45,2.5902,1.571,3.9215e+44
0.5,1,3,1e+52,-7.0,0.25,1.8315e+45,2.5911,1.5711,3.9304e+44
0.8,1,3,1e+52,-7.0,0.25,1.8369e+45,2.5958,1.5715,3.9434e+44
0.1,3,6,1e+52,-7.0,0.25,9.5826e+44,4.3612,1.5393,1.385e+44
0.3,3,6,1e+52,-7.0,0.25,9.599e+44,4.3476,1.5363,1.3899e+44
0.5,3,6,1e+52,-7.0,0.25,9.6213e+44,4.333,1.534,1.3964e+44
0.8,3,6,1e+52,-7.0,0.25,9.6623e+44,4.312,1.5313,1.4069e+44
0.1,3,10,1e+52,-7.0,0.25,5.5216e+44,2.6699,0.89449,5.962e+43
0.3,3,10,1e+52,-7.0,0.25,5.526e+44,2.648,0.8946,6.011e+43
0.5,3,10,1e+52,-7.0,0.25,5.5321e+44,2.6264,0.89538,6.0757e+43
0.8,3,10,1e+52,-7.0,0.25,5.5437e+44,2.5975,0.89728,6.1815e+43
0.1,5,10,1e+52,-7.0,0.25,3.6804e+44,2.5747,0.83421,3.4268e+43
0.3,5,10,1e+52,-7.0,0.25,3.6829e+44,2.5512,0.83323,3.4813e+43
0.5,5,10,1e+52,-7.0,0.25,3.6864e+44,2.5239,0.83299,3.5281e+43
0.8,5,10,1e+52,-7.0,0.25,3.6931e+44,2.482,0.83348,3.5912e+43
0.1,3,6,3e+52,-7.0,0.25,3.5691e+45,5.5985,1.7018,4.7245e+44
0.3,3,6,3e+52,-7.0,0.25,3.5699e+45,5.5911,1.7003,4.7294e+44
0.5,3,6,3e+52,-7.0,0.25,3.5711e+45,5.5823,1.699,4.7358e+44
0.8,3,6,3e+52,-7.0,0.25,3.5733e+45,5.5679,1.6973,4.7464e+44
0.1,5,6,3e+52,-7.0,0.25,2.2441e+45,5.283,1.5667,2.8632e+44
0.3,5,6,3e+52,-7.0,0.25,2.2446e+45,5.2774,1.5647,2.8636e+44
0.5,5,6,3e+52,-7.0,0.25,2.2453e+45,5.2699,1.5629,2.8661e+44
0.8,5,6,3e+52,-7.0,0.25,2.2466e+45,5.2566,1.5602,2.8722e+44
0.1,1,10,1e+51,-8.0,0.25,8.539e+43,2.3801,0.6008,-1.9015e+42
0.3,1,10,1e+51,-8.0,0.25,8.8089e+43,2.3626,0.61516,-1.0285e+42
0.5,1,10,1e+51,-8.0,0.25,9.2371e+43,2.4055,0.63275,-1.4052e+41
0.8,1,10,1e+51,-8.0,0.25,1.0151e+44,2.5587,0.66205,1.158e+42
0.1,1,10,2e+51,-8.0,0.25,2.1685e+44,1.5922,0.92018,-2.6376e+43
0.3,1,10,2e+51,-8.0,0.25,2.1936e+44,1.6113,0.92413,-2.5503e+43
0.5,1,10,2e+51,-8.0,0.25,2.2296e+44,1.6477,0.92927,-2.4615e+43
0.8,1,10,2e+51,-8.0,0.25,2.3017e+44,1.7232,0.93814,-2.3317e+43
0.1,1,10,3e+51,-8.0,0.25,3.7456e+44,1.6322,1.102,9.6643e+43
0.3,1,10,3e+51,-8.0,0.25,3.7707e+44,1.6424,1.1038,9.7514e+43
0.5,1,10,3e+51,-8.0,0.25,3.8049e+44,1.6629,1.1064,9.8401e+43
0.8,1,10,3e+51,-8.0,0.25,3.8718e+44,1.7057,1.1109,9.9699e+43
0.1,1,6,1e+52,-8.0,0.25,1.2622e+45,2.7144,0.79485,-5.492e+43
0.3,1,6,1e+52,-8.0,0.25,1.2626e+45,2.6994,0.79539,-5.4049e+43
0.5,1,6,1e+52,-8.0,0.25,1.2631e+45,2.687,0.79619,-5.3162e+43
0.8,1,6,1e+52,-8.0,0.25,1.2641e+45,2.6732,0.79765,-5.1864e+43
0.1,1,10,1e+52,-8.0,0.25,1.9021e+45,2.8084,1.6525,3.9145e+44
0.3,1,10,1e+52,-8.0,0.25,1.9046e+45,2.8071,1.6522,3.9232e+44
0.5,1,10,1e+52,-8.0,0.25,1.908e+45,2.8082,1.6523,3.9321e+44
0.8,1,10,1e+52,-8.0,0.25,1.9143e+45,2.813,1.6527,3.9451e+44
0.1,1,6,3e+52,-8.0,0.25,5.5669e+45,2.6628,1.3176,1.1171e+45
0.3,1,6,3e+52,-8.0,0.25,5.5672e+45,2.6591,1.3175,1.118e+45
0.5,1,6,3e+52,-8.0,0.25,5.5678e+45,2.6562,1.3175,1.1189e+45
0.8,1,6,3e+52,-8.0,0.25,5.5688e+45,2.653,1.3176,1.1202e+45
0.1,3,3,1e+50,-5.0,0.5,1.8352e+42,2.0734,0.31912,1.0694e+41
0.3,3,3,1e+50,-5.0,0.5,4.2913e+42,2.1234,0.64329,6.4786e+41
0.5,3,3,1e+50,-5.0,0.5,7.3037e+42,2.4071,0.84248,1.2911e+42
0.8,3,3,1e+50,-5.0,0.5,1.2452e+43,2.6945,1.0235,2.3246e+42
0.1,5,3,1e+50,-5.0,0.5,1.1485e+42,2.8014,0.27342,-9.2713e+38
0.3,5,3,1e+50,-5.0,0.5,2.6428e+42,1.6545,0.53858,2.2029e+41
0.5,5,3,1e+50,-5.0,0.5,4.5371e+42,1.7747,0.70794,5.9384e+41
0.8,5,3,1e+50,-5.0,0.5,7.854e+42,1.949,0.86374,1.2596e+42
0.1,10,6,1e+50,-5.0,0.5,3.0236e+41,4.2238,0.22882,-8.7799e+39
0.3,10,6,1e+50,-5.0,0.5,9.8796e+41,1.7413,0.42886,-7.8236e+39
0.5,10,6,1e+50,-5.0,0.5,1.8916e+42,1.5642,0.53884,2.279e+40
0.8,10,6,1e+50,-5.0,0.5,3.5204e+42,1.5313,0.64261,1.4257e+41
0.1,5,3,3e+50,-5.0,0.5,2.6414e+42,4.9151,0.18341,-3.0485e+40
0.3,5,3,3e+50,-5.0,0.5,4.1374e+42,1.8371,0.3338,1.8509e+41
0.5,5,3,3e+50,-5.0,0.5,6.0342e+42,1.7552,0.47239,5.6891e+41
0.8,5,3,3e+50,-5.0,0.5,9.3515e+42,1.9009,0.63344,1.2614e+42
0.1,3,1,1e+51,-5.0,0.5,6.3853e+43,1.7772,0.6729,4.2605e+42
0.3,3,1,1e+51,-5.0,0.5,6.6044e+43,1.7921,0.68509,4.8176e+42
0.5,3,1,1e+51,-5.0,0.5,6.8386e+43,1.8138,0.69896,5.4954e+42
0.8,3,1,1e+51,-5.0,0.5,7.1823e+43,1.8496,0.72032,6.5789e+42
0.1,5,3,1e+51,-5.0,0.5,7.9976e+42,5.4029,0.13966,-5.3648e+40
0.3,5,3,1e+51,-5.0,0.5,9.3526e+42,2.5781,0.1942,1.0626e+41
0.5,5,3,1e+51,-5.0,0.5,1.1264e+43,1.9198,0.26029,4.5684e+41
0.8,5,3,1e+51,-5.0,0.5,1.4609e+43,1.8534,0.35932,1.1891e+42
0.1,10,3,1e+51,-5.0,0.5,4.5731e+42,12.841,0.12369,-1.2891e+41
0.3,10,3,1e+51,-5.0,0.5,5.2438e+42,7.0131,0.15283,-1.5255e+41
0.5,10,3,1e+51,-5.0,0.5,6.1519e+42,3.6586,0.19676,-1.0071e+41
0.8,10,3,1e+51,-5.0,0.5,7.7826e+42,2.1197,0.26961,1.8801e+40
0.1,3,1,2e+51,-5.0,0.5,1.4509e+44,2.0137,0.7481,1.2868e+43
0.3,3,1,2e+51,-5.0,0.5,1.4754e+44,2.0193,0.75365,1.3406e+43
0.5,3,1,2e+51,-5.0,0.5,1.5059e+44,2.0368,0.76087,1.4075e+43
0.8,3,1,2e+51,-5.0,0.5,1.5573e+44,2.0742,0.77292,1.5152e+43
0.1,10,3,2e+51,-5.0,0.5,9.2113e+42,9.4562,0.11687,-1.5579e+41
0.3,10,3,2e+51,-5.0,0.5,9.8916e+42,6.9467,0.13133,-2.5278e+41
0.5,10,3,2e+51,-5.0,0.5,1.0802e+43,4.4862,0.1554,-2.2355e+41
0.8,10,3,2e+51,-5.0,0.5,1.2439e+43,2.6738,0.19974,-9.3488e+40
0.1,3,1,3e+51,-5.0,0.5,2.3249e+44,2.1505,0.78386,2.2343e+43
0.3,3,1,3e+51,-5.0,0.5,2.3476e+44,2.1486,0.78707,2.287e+43
0.5,3,1,3e+51,-5.0,0.5,2.3771e+44,2.1561,0.7916,2.3534e+43
0.8,3,1,3e+51,-5.0,0.5,2.4288e+44,2.1788,0.79955,2.4607e+43
0.1,5,1,3e+51,-5.0,0.5,1.4633e+44,2.0564,0.71678,1.2615e+43
0.3,5,1,3e+51,-5.0,0.5,1.4769e+44,2.047,0.71844,1.2724e+43
0.5,5,1,3e+51,-5.0,0.5,1.4951e+44,2.0418,0.72201,1.3044e+43
0.8,5,1,3e+51,-5.0,0.5,1.5278e+44,2.0422,0.72918,1.3739e+43
0.1,3,0.5,1e+52,-5.0,0.5,8.7104e+44,1.6349,1.1787,2.3157e+44
0.3,3,0.5,1e+52,-5.0,0.5,8.7285e+44,1.6351,1.1786,2.3206e+44
0.5,3,0.5,1e+52,-5.0,0.5,8.7529e+44,1.6363,1.1789,2.3271e+44
0.8,3,0.5,1e+52,-5.0,0.5,8.7975e+44,1.6396,1.1795,2.3377e+44
0.1,3,1,1e+52,-5.0,0.5,8.7997e+44,2.5111,0.86045,9.2441e+43
0.3,3,1,1e+52,-5.0,0.5,8.8121e+44,2.5036,0.8609,9.2944e+43
0.5,3,1,1e+52,-5.0,0.5,8.8294e+44,2.4979,0.86179,9.3597e+43
0.8,3,1,1e+52,-5.0,0.5,8.8616e+44,2.4929,0.86359,9.466e+43
0.1,5,1,1e+52,-5.0,0.5,5.6687e+44,2.358,0.81033,5.501e+43
0.3,5,1,1e+52,-5.0,0.5,5.6762e+44,2.3493,0.81015,5.5084e+43
0.5,5,1,1e+52,-5.0,0.5,5.6867e+44,2.3402,0.81049,5.537e+43
0.8,5,1,1e+52,-5.0,0.5,5.7065e+44,2.3278,0.81159,5.6024e+43
0.1,3,0.5,3e+52,-5.0,0.5,3.8423e+45,3.0463,1.5564,8.1091e+44
0.3,3,0.5,3e+52,-5.0,0.5,3.8441e+45,3.0455,1.5559,8.114e+44
0.5,3,0.5,3e+52,-5.0,0.5,3.8466e+45,3.0449,1.5556,8.1205e+44
0.8,3,0.5,3e+52,-5.0,0.5,3.851e+45,3.0444,1.5552,8.1311e+44
0.1,5,1,3e+52,-5.0,0.5,1.8495e+45,2.5427,0.86801,1.9958e+44
0.3,5,1,3e+52,-5.0,0.5,1.8498e+45,2.5387,0.8678,1.9964e+44
0.5,5,1,3e+52,-5.0,0.5,1.8503e+45,2.5339,0.86774,1.999e+44
0.8,5,1,3e+52,-5.0,0.5,1.8512e+45,2.5265,0.86783,2.0053e+44
0.1,3,6,1e+50,-6.0,0.5,3.2612e+42,2.1792,0.34889,1.1725e+41
0.3,3,6,1e+50,-6.0,0.5,5.6564e+42,2.1406,0.54666,5.9603e+41
0.5,3,6,1e+50,-6.0,0.5,8.5119e+42,2.3642,0.70873,1.2121e+42
0.8,3,6,1e+50,-6.0,0.5,1.3531e+43,2.6346,0.8841,2.2434e+42
0.1,3,10,1e+50,-6.0,0.5,1.7243e+42,2.0323,0.32392,1.0213e+41
0.3,3,10,1e+50,-6.0,0.5,4.1827e+42,2.1273,0.6623,6.5038e+41
0.5,3,10,1e+50,-6.0,0.5,7.1967e+42,2.4093,0.86276,1.2959e+42
0.8,3,10,1e+50,-6.0,0.5,1.2343e+43,2.6949,1.0417,2.3268e+42
0.1,5,10,1e+50,-6.0,0.5,1.0797e+42,2.7289,0.27513,-2.6229e+39
0.3,5,10,1e+50,-6.0,0.5,2.5716e+42,1.651,0.55203,2.1967e+41
0.5,5,10,1e+50,-6.0,0.5,4.4681e+42,1.7745,0.72245,5.8495e+41
0.8,5,10,1e+50,-6.0,0.5,7.7823e+42,1.9482,0.87662,1.2655e+42
0.1,3,6,3e+50,-6.0,0.5,8.5129e+42,2.0926,0.30423,2.287e+41
0.3,3,6,3e+50,-6.0,0.5,1.0815e+43,1.9937,0.39645,7.5835e+41
0.5,3,6,3e+50,-6.0,0.5,1.3871e+43,2.1866,0.49035,1.3658e+42
0.8,3,6,3e+50,-6.0,0.5,1.9069e+43,2.4974,0.61754,2.3626e+42
0.1,5,6,3e+50,-6.0,0.5,5.5918e+42,2.4893,0.2805,2.7113e+40
0.3,5,6,3e+50,-6.0,0.5,6.916e+42,1.9053,0.36091,2.638e+41
0.5,5,6,3e+50,-6.0,0.5,8.8163e+42,1.8251,0.44635,6.2531e+41
0.8,5,6,3e+50,-6.0,0.5,1.2168e+43,1.9249,0.56228,1.3522e+42
0.1,5,10,3e+50,-6.0,0.5,2.428e+42,5.1257,0.17845,-3.441e+40
0.3,5,10,3e+50,-6.0,0.5,3.9264e+42,1.8154,0.34107,1.6819e+41
0.5,5,10,3e+50,-6.0,0.5,5.8251e+42,1.762,0.4864,5.384e+41
0.8,5,10,3e+50,-6.0,0.5,9.142e+42,1.9119,0.65124,1.2673e+42
0.1,3,3,1e+51,-6.0,0.5,6.357e+43,1.7,0.69725,4.6993e+42
0.3,3,3,1e+51,-6.0,0.5,6.5528e+43,1.7107,0.70848,5.2564e+42
0.5,3,3,1e+51,-6.0,0.5,6.7489e+43,1.7242,0.72108,5.9342e+42
0.8,3,3,1e+51,-6.0,0.5,7.0491e+43,1.7463,0.7404,7.0177e+42
0.1,5,6,1e+51,-6.0,0.5,1.849e+43,2.0596,0.27312,2.1896e+41
0.3,5,6,1e+51,-6.0,0.5,1.9143e+43,1.8482,0.29871,4.0703e+41
0.5,5,6,1e+51,-6.0,0.5,2.0652e+43,1.7329,0.33129,7.9952e+41
0.8,5,6,1e+51,-6.0,0.5,2.393e+43,1.7093,0.38432,1.4701e+42
0.1,5,10,1e+51,-6.0,0.5,7.1998e+42,6.11,0.13097,-4.9959e+40
0.3,5,10,1e+51,-6.0,0.5,8.5988e+42,2.5659,0.19126,7.586e+40
0.5,5,10,1e+51,-6.0,0.5,1.0512e+43,1.8985,0.26338,4.1117e+41
0.8,5,10,1e+51,-6.0,0.5,1.3851e+43,1.861,0.36953,1.1255e+42
0.1,10,10,1e+51,-6.0,0.5,4.1586e+42,14.421,0.11732,-1.1112e+41
0.3,10,10,1e+51,-6.0,0.5,4.8321e+42,7.081,0.1499,-1.1164e+41
0.5,10,10,1e+51,-6.0,0.5,5.7422e+42,3.4833,0.1982,-6.37e+40
0.8,10,10,1e+51,-6.0,0.5,7.3766e+42,2.0358,0.27652,3.2955e+40
0.1,3,3,2e+51,-6.0,0.5,1.4885e+44,1.9842,0.78834,1.3554e+43
0.3,3,3,2e+51,-6.0,0.5,1.5132e+44,1.991,0.79347,1.4081e+43
0.5,3,3,2e+51,-6.0,0.5,1.5429e+44,2.0073,0.80016,1.4746e+43
0.8,3,3,2e+51,-6.0,0.5,1.5914e+44,2.0398,0.81129,1.5818e+43
0.1,5,6,2e+51,-6.0,0.5,3.7256e+43,1.9063,0.27507,6.1132e+41
0.3,5,6,2e+51,-6.0,0.5,3.7646e+43,1.7989,0.28716,7.5332e+41
0.5,5,6,2e+51,-6.0,0.5,3.8339e+43,1.7194,0.30351,1.1039e+42
0.8,5,6,2e+51,-6.0,0.5,4.1226e+43,1.6694,0.33176,1.8362e+42
0.1,3,3,3e+51,-6.0,0.5,2.4072e+44,2.1528,0.83164,2.4315e+43
0.3,3,3,3e+51,-6.0,0.5,2.4311e+44,2.1526,0.83455,2.483e+43
0.5,3,3,3e+51,-6.0,0.5,2.4614e+44,2.161,0.83875,2.549e+43
0.8,3,3,3e+51,-6.0,0.5,2.5137e+44,2.1831,0.84613,2.6558e+43
0.1,5,6,3e+51,-6.0,0.5,5.6199e+43,1.8551,0.27677,1.0963e+42
0.3,5,6,3e+51,-6.0,0.5,5.6492e+43,1.7808,0.28447,1.2222e+42
0.5,5,6,3e+51,-6.0,0.5,5.6929e+43,1.719,0.29513,1.5575e+42
0.8,5,6,3e+51,-6.0,0.5,5.8938e+43,1.6675,0.31398,2.2718e+42
0.1,10,6,3e+51,-6.0,0.5,3.2504e+43,2.2559,0.24066,-8.417e+40
0.3,10,6,3e+51,-6.0,0.5,3.2662e+43,2.1993,0.24313,-1.9226e+41
0.5,10,6,3e+51,-6.0,0.5,3.2887e+43,2.1059,0.24901,-8.4747e+40
0.8,10,6,3e+51,-6.0,0.5,3.3316e+43,1.9545,0.26185,-6.5139e+40
0.1,3,3,1e+52,-6.0,0.5,9.3435e+44,2.605,0.92531,1.0729e+44
0.3,3,3,1e+52,-6.0,0.5,9.3579e+44,2.5981,0.92562,1.0779e+44
0.5,3,3,1e+52,-6.0,0.5,9.3778e+44,2.5929,0.92636,1.0844e+44
0.8,3,3,1e+52,-6.0,0.5,9.4146e+44,2.5886,0.92795,1.0951e+44
0.1,5,3,1e+52,-6.0,0.5,6.0006e+44,2.4495,0.86897,6.0294e+43
0.3,5,3,1e+52,-6.0,0.5,6.0095e+44,2.4416,0.86862,6.0351e+43
0.5,5,3,1e+52,-6.0,0.5,6.022e+44,2.4333,0.86878,6.0618e+43
0.8,5,3,1e+52,-6.0,0.5,6.0454e+44,2.4221,0.86962,6.1249e+43
0.1,10,6,1e+52,-6.0,0.5,1.0999e+44,1.7458,0.25635,1.1342e+42
0.3,10,6,1e+52,-6.0,0.5,1.1006e+44,1.7337,0.25675,1.007e+42
0.5,10,6,1e+52,-6.0,0.5,1.1016e+44,1.7147,0.25815,8.9394e+41
0.8,10,6,1e+52,-6.0,0.5,1.1036e+44,1.6804,0.26151,7.928e+41
0.1,5,3,3e+52,-6.0,0.5,1.9912e+45,2.7032,0.93805,2.2365e+44
0.3,5,3,3e+52,-6.0,0.5,1.9916e+45,2.6992,0.93776,2.2369e+44
0.5,5,3,3e+52,-6.0,0.5,1.9922e+45,2.6945,0.93762,2.2394e+44
0.8,5,3,3e+52,-6.0,0.5,1.9934e+45,2.6871,0.93758,2.2455e+44
0.1,3,10,1e+51,-7.0,0.5,6.3557e+43,1.7795,0.67479,4.2814e+42
0.3,3,10,1e+51,-7.0,0.5,6.5748e+43,1.7945,0.68703,4.8385e+42
0.5,3,10,1e+51,-7.0,0.5,6.809e+43,1.8162,0.70096,5.5163e+42
0.8,3,10,1e+51,-7.0,0.5,7.1527e+43,1.852,0.72241,6.5998e+42
0.1,3,10,2e+51,-7.0,0.5,1.4432e+44,2.0207,0.75043,1.29e+43
0.3,3,10,2e+51,-7.0,0.5,1.4677e+44,2.0262,0.756,1.3438e+43
0.5,3,10,2e+51,-7.0,0.5,1.4982e+44,2.0437,0.76327,1.4108e+43
0.8,3,10,2e+51,-7.0,0.5,1.5496e+44,2.0812,0.7754,1.5184e+43
0.1,3,6,3e+51,-7.0,0.5,1.9798e+44,1.2769,0.90828,2.9229e+43
0.3,3,6,3e+51,-7.0,0.5,2.0036e+44,1.2822,0.91012,2.9732e+43
0.5,3,6,3e+51,-7.0,0.5,2.034e+44,1.2904,0.91256,3.0386e+43
0.8,3,6,3e+51,-7.0,0.5,2.0863e+44,1.3058,0.91663,3.1449e+43
0.1,3,10,3e+51,-7.0,0.5,2.312e+44,2.1614,0.78633,2.2331e+43
0.3,3,10,3e+51,-7.0,0.5,2.3347e+44,2.1592,0.78955,2.2858e+43
0.5,3,10,3e+51,-7.0,0.5,2.3642e+44,2.1666,0.79411,2.3523e+43
0.8,3,10,3e+51,-7.0,0.5,2.4159e+44,2.1892,0.80211,2.4596e+43
0.1,5,10,3e+51,-7.0,0.5,1.4556e+44,2.0619,0.72038,1.2681e+43
0.3,5,10,3e+51,-7.0,0.5,1.4692e+44,2.0523,0.72202,1.279e+43
0.5,5,10,3e+51,-7.0,0.5,1.4874e+44,2.0469,0.72558,1.3109e+43
0.8,5,10,3e+51,-7.0,0.5,1.5201e+44,2.0472,0.73276,1.3805e+43
0.1,3,6,1e+52,-7.0,0.5,1.004e+45,2.2877,1.2731,2.1575e+44
0.3,3,6,1e+52,-7.0,0.5,1.0064e+45,2.2875,1.2728,2.1624e+44
0.5,3,6,1e+52,-7.0,0.5,1.0094e+45,2.2885,1.2728,2.1688e+44
0.8,3,6,1e+52,-7.0,0.5,1.0146e+45,2.2914,1.2734,2.1794e+44
0.1,3,10,1e+52,-7.0,0.5,8.7451e+44,2.5316,0.86283,9.1848e+43
0.3,3,10,1e+52,-7.0,0.5,8.7575e+44,2.5238,0.86327,9.2351e+43
0.5,3,10,1e+52,-7.0,0.5,8.7747e+44,2.5178,0.86416,9.3005e+43
0.8,3,10,1e+52,-7.0,0.5,8.8069e+44,2.5124,0.86596,9.4068e+43
0.1,5,10,1e+52,-7.0,0.5,5.6348e+44,2.3813,0.81578,5.5317e+43
0.3,5,10,1e+52,-7.0,0.5,5.6423e+44,2.3724,0.81557,5.5392e+43
0.5,5,10,1e+52,-7.0,0.5,5.6529e+44,2.363,0.81589,5.5677e+43
0.8,5,10,1e+52,-7.0,0.5,5.6727e+44,2.3502,0.81696,5.6331e+43
0.1,3,6,3e+52,-7.0,0.5,4.3735e+45,3.7367,1.5292,7.6216e+44
0.3,3,6,3e+52,-7.0,0.5,4.3755e+45,3.7349,1.5286,7.6265e+44
0.5,3,6,3e+52,-7.0,0.5,4.3782e+45,3.7332,1.5283,7.633e+44
0.8,3,6,3e+52,-7.0,0.5,4.3831e+45,3.731,1.5279,7.6435e+44
0.1,5,6,3e+52,-7.0,0.5,2.5876e+45,3.222,1.3977,4.7282e+44
0.3,5,6,3e+52,-7.0,0.5,2.5888e+45,3.2207,1.3969,4.7286e+44
0.5,5,6,3e+52,-7.0,0.5,2.5905e+45,3.219,1.3962,4.7311e+44
0.8,5,6,3e+52,-7.0,0.5,2.5937e+45,3.2165,1.3954,4.7372e+44
0.1,5,10,3e+52,-7.0,0.5,1.8378e+45,2.5879,0.87358,1.984e+44
0.3,5,10,3e+52,-7.0,0.5,1.8381e+45,2.5837,0.87335,1.9846e+44
0.5,5,10,3e+52,-7.0,0.5,1.8386e+45,2.5788,0.87328,1.9873e+44
0.8,5,10,3e+52,-7.0,0.5,1.8395e+45,2.571,0.87335,1.9936e+44
0.1,5,3,1e+50,-5.0,0.75,1.4128e+42,3.5336,0.26987,-6.0687e+38
0.3,5,3,1e+50,-5.0,0.75,2.9093e+42,1.7568,0.49032,2.3975e+41
0.5,5,3,1e+50,-5.0,0.75,4.8067e+42,1.8227,0.65352,5.9342e+41
0.8,5,3,1e+50,-5.0,0.75,8.124e+42,1.9798,0.81385,1.2757e+42
0.1,10,6,1e+50,-5.0,0.75,3.4191e+41,5.7218,0.21669,-9.9284e+39
0.3,10,6,1e+50,-5.0,0.75,1.0271e+42,1.8327,0.41028,-9.1123e+39
0.5,10,6,1e+50,-5.0,0.75,1.932e+42,1.5827,0.52354,2.1424e+40
0.8,10,6,1e+50,-5.0,0.75,3.56e+42,1.5346,0.63104,1.4114e+41
0.1,3,1,3e+50,-5.0,0.75,1.3744e+43,2.5401,0.29656,-1.8012e+42
0.3,3,1,3e+50,-5.0,0.75,1.5355e+43,2.4605,0.30933,-1.4795e+42
0.5,3,1,3e+50,-5.0,0.75,1.7869e+43,2.3006,0.33403,-9.3926e+41
0.8,3,1,3e+50,-5.0,0.75,2.2575e+43,2.2217,0.39019,6.3519e+39
0.1,5,3,3e+50,-5.0,0.75,3.424e+42,6.0723,0.19241,-3.7e+40
0.3,5,3,3e+50,-5.0,0.75,4.9217e+42,2.184,0.30595,2.0999e+41
0.5,5,3,3e+50,-5.0,0.75,6.8245e+42,1.8232,0.42273,5.9329e+41
0.8,5,3,3e+50,-5.0,0.75,1.0144e+43,1.9094,0.57017,1.316e+42
0.1,10,6,3e+50,-5.0,0.75,6.5822e+41,13.827,0.12755,-1.3094e+40
0.3,10,6,3e+50,-5.0,0.75,1.3446e+42,2.1739,0.29119,-8.2245e+39
0.5,10,6,3e+50,-5.0,0.75,2.2505e+42,1.6473,0.41639,2.1686e+40
0.8,10,6,3e+50,-5.0,0.75,3.8804e+42,1.5488,0.54429,1.4094e+41
0.1,3,1,1e+51,-5.0,0.75,6.7936e+43,1.5089,0.55224,1.0147e+42
0.3,3,1,1e+51,-5.0,0.75,6.8744e+43,1.4929,0.55928,1.621e+42
0.5,3,1,1e+51,-5.0,0.75,6.9611e+43,1.4735,0.56623,1.6765e+42
0.8,3,1,1e+51,-5.0,0.75,7.1871e+43,1.4493,0.57679,2.288e+42
0.1,10,3,1e+51,-5.0,0.75,6.1178e+42,12.024,0.14378,-1.4318e+41
0.3,10,3,1e+51,-5.0,0.75,6.7327e+42,8.1131,0.16443,-2.0102e+41
0.5,10,3,1e+51,-5.0,0.75,7.6416e+42,4.8627,0.19652,-2.245e+41
0.8,10,3,1e+51,-5.0,0.75,9.2809e+42,2.6985,0.25339,-1.1142e+41
0.1,3,1,2e+51,-5.0,0.75,1.6522e+44,1.6886,0.66031,1.0391e+43
0.3,3,1,2e+51,-5.0,0.75,1.6718e+44,1.6921,0.66473,1.0957e+43
0.5,3,1,2e+51,-5.0,0.75,1.6914e+44,1.6957,0.66963,1.1638e+43
0.8,3,1,2e+51,-5.0,0.75,1.7186e+44,1.6992,0.6771,1.2725e+43
0.1,5,1,2e+51,-5.0,0.75,9.9779e+43,1.5782,0.58161,4.1194e+42
0.3,5,1,2e+51,-5.0,0.75,1.0102e+44,1.5769,0.5856,4.322e+42
0.5,5,1,2e+51,-5.0,0.75,1.0236e+44,1.5749,0.59087,4.7272e+42
0.8,5,1,2e+51,-5.0,0.75,1.044e+44,1.5717,0.59954,5.521e+42
0.1,10,3,2e+51,-5.0,0.75,1.2263e+43,10.529,0.1323,-1.6991e+41
0.3,10,3,2e+51,-5.0,0.75,1.287e+43,8.5488,0.14246,-2.7162e+41
0.5,10,3,2e+51,-5.0,0.75,1.3772e+43,6.1477,0.15958,-3.0515e+41
0.8,10,3,2e+51,-5.0,0.75,1.5411e+43,3.7639,0.19246,-3.1026e+41
0.1,3,1,3e+51,-5.0,0.75,2.7172e+44,1.8393,0.71098,2.16e+43
0.3,3,1,3e+51,-5.0,0.75,2.7409e+44,1.8437,0.71394,2.2147e+43
0.5,3,1,3e+51,-5.0,0.75,2.7677e+44,1.8511,0.71752,2.2821e+43
0.8,3,1,3e+51,-5.0,0.75,2.8092e+44,1.8637,0.72325,2.3901e+43
0.1,5,1,3e+51,-5.0,0.75,1.6673e+44,1.7124,0.63862,1.0102e+43
0.3,5,1,3e+51,-5.0,0.75,1.6819e+44,1.7122,0.64095,1.026e+43
0.5,5,1,3e+51,-5.0,0.75,1.6994e+44,1.7136,0.64442,1.0625e+43
0.8,5,1,3e+51,-5.0,0.75,1.7278e+44,1.7178,0.65052,1.1374e+43
0.1,10,3,3e+51,-5.0,0.75,1.8503e+43,9.1083,0.12771,-1.8738e+41
0.3,10,3,3e+51,-5.0,0.75,1.9091e+43,7.9726,0.13421,-2.6174e+41
0.5,10,3,3e+51,-5.0,0.75,1.9975e+43,6.3177,0.14564,-3.4446e+41
0.8,10,3,3e+51,-5.0,0.75,2.1595e+43,4.2898,0.16836,-3.8735e+41
0.1,3,0.5,1e+52,-5.0,0.75,8.7104e+44,1.2618,0.85583,-3.9039e+43
0.3,3,0.5,1e+52,-5.0,0.75,8.7285e+44,1.2625,0.85617,-3.8429e+43
0.5,3,0.5,1e+52,-5.0,0.75,8.7529e+44,1.2643,0.85665,-3.7788e+43
0.8,3,0.5,1e+52,-5.0,0.75,8.7975e+44,1.268,0.8575,-3.6815e+43
0.1,5,1,1e+52,-5.0,0.75,7.003e+44,2.118,0.76993,6.394e+43
0.3,5,1,1e+52,-5.0,0.75,7.0152e+44,2.115,0.77011,6.4032e+43
0.5,5,1,1e+52,-5.0,0.75,7.0318e+44,2.1126,0.77072,6.4335e+43
0.8,5,1,1e+52,-5.0,0.75,7.0623e+44,2.1108,0.77207,6.501e+43
0.1,3,0.5,3e+52,-5.0,0.75,3.8423e+45,1.817,1.2776,1.0215e+45
0.3,3,0.5,3e+52,-5.0,0.75,3.8441e+45,1.8169,1.2775,1.022e+45
0.5,3,0.5,3e+52,-5.0,0.75,3.8466e+45,1.8171,1.2775,1.0226e+45
0.8,3,0.5,3e+52,-5.0,0.75,3.851e+45,1.8178,1.2776,1.0237e+45
0.1,5,1,3e+52,-5.0,0.75,2.3843e+45,2.436,0.84591,2.4577e+44
0.3,5,1,3e+52,-5.0,0.75,2.385e+45,2.4337,0.84582,2.4583e+44
0.5,5,1,3e+52,-5.0,0.75,2.386e+45,2.4312,0.84586,2.4609e+44
0.8,5,1,3e+52,-5.0,0.75,2.3878e+45,2.4275,0.84606,2.4672e+44
0.1,10,1,3e+52,-5.0,0.75,1.325e+45,2.3341,0.76102,1.1812e+44
0.3,10,1,3e+52,-5.0,0.75,1.3254e+45,2.3326,0.76062,1.1798e+44
0.5,10,1,3e+52,-5.0,0.75,1.3259e+45,2.3305,0.76031,1.1784e+44
0.8,10,1,3e+52,-5.0,0.75,1.3268e+45,2.3267,0.76,1.177e+44
0.1,3,6,1e+50,-6.0,0.75,3.8036e+42,2.787,0.31058,3.5639e+40
0.3,3,6,1e+50,-6.0,0.75,5.6666e+42,1.964,0.43663,4.396e+41
0.5,3,6,1e+50,-6.0,0.75,8.5113e+42,2.1508,0.57962,1.0091e+42
0.8,3,6,1e+50,-6.0,0.75,1.353e+43,2.5177,0.75678,2.0017e+42
0.1,5,10,1e+50,-6.0,0.75,1.3178e+42,3.476,0.26908,1.6238e+39
0.3,5,10,1e+50,-6.0,0.75,2.812e+42,1.7261,0.5034,2.3175e+41
0.5,5,10,1e+50,-6.0,0.75,4.7089e+42,1.8089,0.66952,6.0452e+41
0.8,5,10,1e+50,-6.0,0.75,8.0253e+42,1.9721,0.82921,1.2878e+42
0.1,3,3,3e+50,-6.0,0.75,1.326e+43,3.5417,0.25573,-1.1396e+42
0.3,3,3,3e+50,-6.0,0.75,1.5076e+43,3.2008,0.27209,-7.8861e+41
0.5,3,3,3e+50,-6.0,0.75,1.7685e+43,2.7387,0.30227,-2.4961e+41
0.8,3,3,3e+50,-6.0,0.75,2.2452e+43,2.451,0.36666,6.9791e+41
0.1,3,6,3e+50,-6.0,0.75,1.1241e+43,2.5085,0.29657,1.7465e+41
0.3,3,6,3e+50,-6.0,0.75,1.3705e+43,2.2369,0.35877,6.2584e+41
0.5,3,6,3e+50,-6.0,0.75,1.6642e+43,2.2737,0.42662,1.202e+42
0.8,3,6,3e+50,-6.0,0.75,2.1391e+43,2.4637,0.52756,2.1677e+42
0.1,5,6,3e+50,-6.0,0.75,7.3038e+42,2.9579,0.28279,-7.6023e+39
0.3,5,6,3e+50,-6.0,0.75,8.8006e+42,2.2765,0.33758,2.1459e+41
0.5,5,6,3e+50,-6.0,0.75,1.0669e+43,2.0318,0.39982,5.5738e+41
0.8,5,6,3e+50,-6.0,0.75,1.3821e+43,1.9898,0.49294,1.2407e+42
0.1,5,10,3e+50,-6.0,0.75,3.1331e+42,6.5097,0.18579,-3.6901e+40
0.3,5,10,3e+50,-6.0,0.75,4.6316e+42,2.1291,0.30948,1.9809e+41
0.5,5,10,3e+50,-6.0,0.75,6.5331e+42,1.8091,0.43364,5.7084e+41
0.8,5,10,3e+50,-6.0,0.75,9.8508e+42,1.91,0.58659,1.2794e+42
0.1,10,10,3e+50,-6.0,0.75,1.7409e+42,11.215,0.17454,-7.0888e+40
0.3,10,10,3e+50,-6.0,0.75,2.4216e+42,4.6166,0.23772,-7.7501e+40
0.5,10,10,3e+50,-6.0,0.75,3.3293e+42,2.4168,0.31591,-3.9196e+40
0.8,10,10,3e+50,-6.0,0.75,4.9664e+42,1.7131,0.42348,9.793e+40
0.1,3,3,1e+51,-6.0,0.75,6.5197e+43,1.4558,0.55062,-5.2106e+39
0.3,3,3,1e+51,-6.0,0.75,6.6265e+43,1.439,0.55689,1.8506e+41
0.5,3,3,1e+51,-6.0,0.75,6.7591e+43,1.4211,0.56305,6.0935e+41
0.8,3,3,1e+51,-6.0,0.75,7.049e+43,1.4021,0.57261,8.8329e+41
0.1,5,6,1e+51,-6.0,0.75,2.4732e+43,2.3656,0.27615,2.8498e+41
0.3,5,6,1e+51,-6.0,0.75,2.5844e+43,2.157,0.29633,5.2135e+41
0.5,5,6,1e+51,-6.0,0.75,2.7373e+43,2.0163,0.3214,8.8205e+41
0.8,5,6,1e+51,-6.0,0.75,3.0449e+43,1.9374,0.36235,1.5897e+42
0.1,10,10,1e+51,-6.0,0.75,5.5274e+42,13.691,0.13621,-1.2424e+41
0.3,10,10,1e+51,-6.0,0.75,6.1746e+42,8.6363,0.15901,-1.9043e+41
0.5,10,10,1e+51,-6.0,0.75,7.0848e+42,4.843,0.19437,-1.7443e+41
0.8,10,10,1e+51,-6.0,0.75,8.7193e+42,2.5996,0.25617,-4.3326e+40
0.1,3,3,2e+51,-6.0,0.75,1.6332e+44,1.6034,0.68005,1.0247e+43
0.3,3,3,2e+51,-6.0,0.75,1.6496e+44,1.6049,0.68405,1.0813e+43
0.5,3,3,2e+51,-6.0,0.75,1.6647e+44,1.6051,0.6884,1.1494e+43
0.8,3,3,2e+51,-6.0,0.75,1.6841e+44,1.603,0.69495,1.2581e+43
0.1,5,6,2e+51,-6.0,0.75,5.0223e+43,2.1306,0.27721,7.1104e+41
0.3,5,6,2e+51,-6.0,0.75,5.0974e+43,2.0352,0.28696,9.1604e+41
0.5,5,6,2e+51,-6.0,0.75,5.2026e+43,1.9547,0.2998,1.2916e+42
0.8,5,6,2e+51,-6.0,0.75,5.4249e+43,1.8833,0.3218,2.0714e+42
0.1,10,10,2e+51,-6.0,0.75,1.1082e+43,12.293,0.12388,-1.5321e+41
0.3,10,10,2e+51,-6.0,0.75,1.1704e+43,9.5751,0.13508,-2.3604e+41
0.5,10,10,2e+51,-6.0,0.75,1.2608e+43,6.4945,0.15404,-3.0874e+41
0.8,10,10,2e+51,-6.0,0.75,1.4249e+43,3.729,0.19029,-2.2494e+41
0.1,3,3,3e+51,-6.0,0.75,2.7328e+44,1.7661,0.74131,2.3598e+43
0.3,3,3,3e+51,-6.0,0.75,2.7547e+44,1.7699,0.74403,2.4146e+43
0.5,3,3,3e+51,-6.0,0.75,2.7781e+44,1.7753,0.74727,2.4819e+43
0.8,3,3,3e+51,-6.0,0.75,2.8125e+44,1.7835,0.7524,2.59e+43
0.1,5,3,3e+51,-6.0,0.75,1.6486e+44,1.6218,0.65864,1.0493e+43
0.3,5,3,3e+51,-6.0,0.75,1.6624e+44,1.6222,0.66081,1.0651e+43
0.5,5,3,3e+51,-6.0,0.75,1.6782e+44,1.6233,0.66404,1.1016e+43
0.8,5,3,3e+51,-6.0,0.75,1.7028e+44,1.6258,0.66968,1.1766e+43
0.1,5,6,3e+51,-6.0,0.75,7.5854e+43,2.0371,0.2784,1.4714e+42
0.3,5,6,3e+51,-6.0,0.75,7.6451e+43,1.9745,0.28461,1.6445e+42
0.5,5,6,3e+51,-6.0,0.75,7.7292e+43,1.9176,0.29302,2.0237e+42
0.8,5,6,3e+51,-6.0,0.75,7.8894e+43,1.8592,0.30772,2.7083e+42
0.1,10,6,3e+51,-6.0,0.75,4.3564e+43,2.4902,0.2525,5.3717e+40
0.3,10,6,3e+51,-6.0,0.75,4.3874e+43,2.4416,0.2549,-3.5209e+40
0.5,10,6,3e+51,-6.0,0.75,4.4314e+43,2.3563,0.25986,-8.8014e+40
0.8,10,6,3e+51,-6.0,0.75,4.5148e+43,2.2085,0.27026,-2.5701e+40
0.1,10,10,3e+51,-6.0,0.75,1.6735e+43,10.757,0.1187,-1.4871e+41
0.3,10,10,3e+51,-6.0,0.75,1.7311e+43,9.1388,0.1259,-2.6317e+41
0.5,10,10,3e+51,-6.0,0.75,1.8162e+43,6.9045,0.13858,-3.5597e+41
0.8,10,10,3e+51,-6.0,0.75,1.9741e+43,4.3883,0.16377,-3.546e+41
0.1,5,3,1e+52,-6.0,0.75,7.247e+44,2.118,0.81611,7.2671e+43
0.3,5,3,1e+52,-6.0,0.75,7.2603e+44,2.1157,0.81621,7.2763e+43
0.5,5,3,1e+52,-6.0,0.75,7.2783e+44,2.114,0.81673,7.3066e+43
0.8,5,3,1e+52,-6.0,0.75,7.3107e+44,2.1132,0.81795,7.3741e+43
0.1,10,6,1e+52,-6.0,0.75,1.4898e+44,1.9099,0.26364,1.9491e+42
0.3,10,6,1e+52,-6.0,0.75,1.4912e+44,1.8995,0.26402,1.8346e+42
0.5,10,6,1e+52,-6.0,0.75,1.4931e+44,1.8822,0.26516,1.7418e+42
0.8,10,6,1e+52,-6.0,0.75,1.4969e+44,1.8498,0.26781,1.6797e+42
0.1,3,1,3e+52,-6.0,0.75,2.6528e+45,2.1724,0.64927,-1.1135e+44
0.3,3,1,3e+52,-6.0,0.75,2.6533e+45,2.1705,0.64935,-1.1085e+44
0.5,3,1,3e+52,-6.0,0.75,2.6541e+45,2.1685,0.64948,-1.1019e+44
0.8,3,1,3e+52,-6.0,0.75,2.6555e+45,2.1658,0.64975,-1.0913e+44
0.1,5,3,3e+52,-6.0,0.75,2.5278e+45,2.521,0.90829,2.8511e+44
0.3,5,3,3e+52,-6.0,0.75,2.5286e+45,2.5189,0.90816,2.8517e+44
0.5,5,3,3e+52,-6.0,0.75,2.5297e+45,2.5165,0.90814,2.8543e+44
0.8,5,3,3e+52,-6.0,0.75,2.5318e+45,2.5132,0.90827,2.8607e+44
0.1,10,6,3e+52,-6.0,0.75,4.5377e+44,1.7507,0.27262,8.7513e+42
0.3,10,6,3e+52,-6.0,0.75,4.5383e+44,1.7471,0.27266,8.6179e+42
0.5,10,6,3e+52,-6.0,0.75,4.5391e+44,1.7416,0.27294,8.4946e+42
0.8,10,6,3e+52,-6.0,0.75,4.5407e+44,1.7313,0.27367,8.3736e+42
0.1,3,10,3e+50,-7.0,0.75,1.3695e+43,2.5509,0.29717,-1.8152e+42
0.3,3,10,3e+50,-7.0,0.75,1.5298e+43,2.4719,0.3097,-1.4883e+42
0.5,3,10,3e+50,-7.0,0.75,1.781e+43,2.3093,0.33428,-9.462e+41
0.8,3,10,3e+50,-7.0,0.75,2.2515e+43,2.2261,0.39043,1.5149e+39
0.1,3,10,1e+51,-7.0,0.75,6.767e+43,1.5093,0.55301,1.0203e+42
0.3,3,10,1e+51,-7.0,0.75,6.8474e+43,1.4931,0.56007,1.6267e+42
0.5,3,10,1e+51,-7.0,0.75,6.9326e+43,1.4735,0.56703,1.684e+42
0.8,3,10,1e+51,-7.0,0.75,7.1572e+43,1.4491,0.5776,2.332e+42
0.1,3,6,2e+51,-7.0,0.75,1.1477e+44,2.628,0.40435,-6.592e+42
0.3,3,6,2e+51,-7.0,0.75,1.1715e+44,2.5791,0.40879,-6.0105e+42
